id,name,model_id:id,group_id:id,perm_read,perm_write,perm_create,perm_unlink
resource_planning.access_resource_role,access_resource_role,resource_planning.model_resource_role,base.group_user,1,1,1,1
resource_planning.access_resource_shift,access_resource_shift,resource_planning.model_resource_shift,base.group_user,1,1,1,1
resource_planning.access_resource_shift_slot,access_resource_shift_slot,resource_planning.model_resource_shift_slot,base.group_user,1,1,1,1
resource_planning.access_resource_planning,access_resource_planning,resource_planning.model_resource_planning,base.group_user,1,1,1,1
resource_planning.access_resource_slot_resource,access_resource_slot_resource,resource_planning.model_resource_slot_resource,base.group_user,1,1,1,1
resource_planning.access_resource_slot,access_resource_slot,resource_planning.model_resource_slot,base.group_user,1,1,1,1
resource_planning.access_resource_week_template,access_resource_week_template,resource_planning.model_resource_week_template,base.group_user,1,1,1,1
resource_planning.access_resource_shift_template,access_resource_shift_template,resource_planning.model_resource_shift_template,base.group_user,1,1,1,1

